<?xml version="1.0" encoding="UTF-8"?>
<metadata xml:lang="zh"><Esri><CreaDate>20250830</CreaDate><CreaTime>19242600</CreaTime><ArcGISFormat>1.0</ArcGISFormat><SyncOnce>TRUE</SyncOnce><DataProperties><lineage><Process ToolSource="d:\software\desktop10.8\ArcToolbox\Toolboxes\Data Management Tools.tbx\CalculateField" Date="20240207" Time="183102">CalculateField 上海市交通小区 random [OBJECTID]/9 VB #</Process><Process ToolSource="d:\software\desktop10.8\ArcToolbox\Toolboxes\Data Management Tools.tbx\CalculateField" Date="20240207" Time="183124">CalculateField 上海市交通小区 random Left( [Shape_Leng],1 ) VB #</Process><Process ToolSource="d:\software\desktop10.8\ArcToolbox\Toolboxes\Data Management Tools.tbx\CalculateField" Date="20240207" Time="183142">CalculateField 上海市交通小区 random right( [Shape_Leng],1 ) VB #</Process><Process ToolSource="d:\software\desktop10.8\ArcToolbox\Toolboxes\Data Management Tools.tbx\CalculateField" Date="20240207" Time="183651">CalculateField 上海市交通小区 random2 right( [Shape_Area] ,1) VB #</Process><Process ToolSource="d:\software\desktop10.8\ArcToolbox\Toolboxes\Data Management Tools.tbx\CalculateField" Date="20240207" Time="183749">CalculateField 上海市交通小区 random2 Right( [Shape_Area],1 ) VB #</Process><Process ToolSource="d:\software\desktop10.8\ArcToolbox\Toolboxes\Data Management Tools.tbx\CalculateField" Date="20240207" Time="183822">CalculateField 上海市交通小区 random2 Right( [Shape_Leng] ,2 ) VB #</Process><Process ToolSource="d:\software\desktop10.8\ArcToolbox\Toolboxes\Data Management Tools.tbx\CalculateField" Date="20240207" Time="183858">CalculateField 上海市交通小区 random2 Right( [Shape_Area]  ,2 ) VB #</Process><Process ToolSource="d:\software\desktop10.8\ArcToolbox\Toolboxes\Data Management Tools.tbx\CalculateField" Date="20240207" Time="183949">CalculateField 上海市交通小区 random2 Left( Right( [Shape_Leng]  ,2 ),1) VB #</Process><Process ToolSource="d:\software\desktop10.8\ArcToolbox\Toolboxes\Data Management Tools.tbx\CalculateField" Date="20240207" Time="192400">CalculateField 上海市交通小区 randGroup [OBJECTID]/15 VB #</Process><Process ToolSource="d:\software\arcpro\Resources\ArcToolbox\toolboxes\Data Management Tools.tbx\CalculateField" Date="20240216" Time="131809">CalculateField 上海市交通小区 random 1 "Python 3" # Text NO_ENFORCE_DOMAINS</Process><Process ToolSource="d:\software\arcpro\Resources\ArcToolbox\toolboxes\Data Management Tools.tbx\CalculateField" Date="20240216" Time="131819">CalculateField 上海市交通小区 random -1 "Python 3" # Text NO_ENFORCE_DOMAINS</Process><Process ToolSource="d:\software\arcpro\Resources\ArcToolbox\toolboxes\Data Management Tools.tbx\CalculateField" Date="20240216" Time="131841">CalculateField 上海市交通小区 random 0 "Python 3" # Text NO_ENFORCE_DOMAINS</Process><Process ToolSource="d:\software\desktop10.8\ArcToolbox\Toolboxes\Data Management Tools.tbx\CalculateField" Date="20240216" Time="133618">CalculateField 上海市交通小区 random -1 VB #</Process><Process ToolSource="d:\software\desktop10.8\ArcToolbox\Toolboxes\Data Management Tools.tbx\CalculateField" Date="20240216" Time="133631">CalculateField 上海市交通小区 random 0 VB #</Process><Process ToolSource="d:\software\desktop10.8\ArcToolbox\Toolboxes\Data Management Tools.tbx\CalculateField" Date="20240216" Time="184320">CalculateField 上海市交通小区 random -1 VB #</Process><Process ToolSource="d:\software\desktop10.8\ArcToolbox\Toolboxes\Data Management Tools.tbx\CalculateField" Date="20240216" Time="185144">CalculateField 上海市交通小区 OBJECTID [FID] VB #</Process><Process ToolSource="d:\software\arcpro\Resources\ArcToolbox\Toolboxes\Data Management Tools.tbx\Copy" Date="20240323" Time="143648">Copy E:\paper3\data\上海TAZ\数据\上海市交通小区.shp E:\paper3\data\上海TAZ\数据\上海市交通小区_1.shp Shapefile #</Process><Process ToolSource="d:\software\arcpro\Resources\ArcToolbox\Toolboxes\Data Management Tools.tbx\Rename" Date="20240323" Time="143657">Rename E:\paper3\data\上海TAZ\数据\上海市交通小区_1.shp E:\paper3\data\上海TAZ\数据\上海市交通小区_lonlat.shp ShapeFile</Process><Process ToolSource="d:\software\arcpro\Resources\ArcToolbox\Toolboxes\Data Management Tools.tbx\DeleteField" Date="20240323" Time="143714">DeleteField 上海市交通小区_lonlat random "Delete Fields"</Process><Process ToolSource="d:\software\arcpro\Resources\ArcToolbox\Toolboxes\Data Management Tools.tbx\DeleteField" Date="20240323" Time="143717">DeleteField 上海市交通小区_lonlat random2 "Delete Fields"</Process><Process ToolSource="d:\software\arcpro\Resources\ArcToolbox\Toolboxes\Data Management Tools.tbx\DeleteField" Date="20240323" Time="143721">DeleteField 上海市交通小区_lonlat randGroup "Delete Fields"</Process><Process ToolSource="d:\software\arcpro\Resources\ArcToolbox\Toolboxes\Data Management Tools.tbx\UpdateSchema" Date="20240323" Time="143808">UpdateSchema "CIMDATA=&lt;CIMStandardDataConnection xsi:type='typens:CIMStandardDataConnection' xmlns:xsi='http://www.w3.org/2001/XMLSchema-instance' xmlns:xs='http://www.w3.org/2001/XMLSchema' xmlns:typens='http://www.esri.com/schemas/ArcGIS/3.0.0'&gt;&lt;WorkspaceConnectionString&gt;DATABASE=E:\paper3\data\上海TAZ\数据&lt;/WorkspaceConnectionString&gt;&lt;WorkspaceFactory&gt;Shapefile&lt;/WorkspaceFactory&gt;&lt;Dataset&gt;上海市交通小区_lonlat.shp&lt;/Dataset&gt;&lt;DatasetType&gt;esriDTFeatureClass&lt;/DatasetType&gt;&lt;/CIMStandardDataConnection&gt;" &lt;operationSequence&gt;&lt;workflow&gt;&lt;AddField&gt;&lt;field_name&gt;x&lt;/field_name&gt;&lt;field_type&gt;FLOAT&lt;/field_type&gt;&lt;field_is_nullable&gt;False&lt;/field_is_nullable&gt;&lt;field_is_required&gt;False&lt;/field_is_required&gt;&lt;/AddField&gt;&lt;/workflow&gt;&lt;workflow&gt;&lt;AddField&gt;&lt;field_name&gt;y&lt;/field_name&gt;&lt;field_type&gt;FLOAT&lt;/field_type&gt;&lt;field_is_nullable&gt;False&lt;/field_is_nullable&gt;&lt;field_is_required&gt;False&lt;/field_is_required&gt;&lt;/AddField&gt;&lt;/workflow&gt;&lt;/operationSequence&gt;</Process><Process ToolSource="d:\software\arcpro\Resources\ArcToolbox\toolboxes\Data Management Tools.tbx\CalculateGeometryAttributes" Date="20240323" Time="143851">CalculateGeometryAttributes 上海市交通小区_lonlat "x INSIDE_X;y CENTROID_Y" # # # "Same as input"</Process><Process ToolSource="d:\software\arcpro\Resources\ArcToolbox\toolboxes\Data Management Tools.tbx\Project" Date="20240408" Time="202858">Project 上海市交通小区_lonlat E:\paper3\data\上海TAZ\数据\上海市交通小区_lonlat_Pro.shp PROJCS["WGS_1984_UTM_Zone_51N",GEOGCS["GCS_WGS_1984",DATUM["D_WGS_1984",SPHEROID["WGS_1984",6378137.0,298.257223563]],PRIMEM["Greenwich",0.0],UNIT["Degree",0.0174532925199433]],PROJECTION["Transverse_Mercator"],PARAMETER["False_Easting",500000.0],PARAMETER["False_Northing",0.0],PARAMETER["Central_Meridian",123.0],PARAMETER["Scale_Factor",0.9996],PARAMETER["Latitude_Of_Origin",0.0],UNIT["Meter",1.0]] # GEOGCS["GCS_WGS_1984",DATUM["D_WGS_1984",SPHEROID["WGS_1984",6378137.0,298.257223563]],PRIMEM["Greenwich",0.0],UNIT["Degree",0.0174532925199433]] NO_PRESERVE_SHAPE # NO_VERTICAL</Process><Process ToolSource="d:\software\arcpro\Resources\ArcToolbox\toolboxes\Data Management Tools.tbx\UpdateSchema" Date="20240408" Time="202931">UpdateSchema "CIMDATA=&lt;CIMStandardDataConnection xsi:type='typens:CIMStandardDataConnection' xmlns:xsi='http://www.w3.org/2001/XMLSchema-instance' xmlns:xs='http://www.w3.org/2001/XMLSchema' xmlns:typens='http://www.esri.com/schemas/ArcGIS/3.0.0'&gt;&lt;WorkspaceConnectionString&gt;DATABASE=E:\paper3\data\上海TAZ\数据&lt;/WorkspaceConnectionString&gt;&lt;WorkspaceFactory&gt;Shapefile&lt;/WorkspaceFactory&gt;&lt;Dataset&gt;上海市交通小区_lonlat_Pro&lt;/Dataset&gt;&lt;DatasetType&gt;esriDTFeatureClass&lt;/DatasetType&gt;&lt;/CIMStandardDataConnection&gt;" &lt;operationSequence&gt;&lt;workflow&gt;&lt;AddField&gt;&lt;field_name&gt;area&lt;/field_name&gt;&lt;field_type&gt;FLOAT&lt;/field_type&gt;&lt;field_is_nullable&gt;False&lt;/field_is_nullable&gt;&lt;field_is_required&gt;False&lt;/field_is_required&gt;&lt;/AddField&gt;&lt;/workflow&gt;&lt;/operationSequence&gt;</Process><Process ToolSource="d:\software\arcpro\Resources\ArcToolbox\toolboxes\Data Management Tools.tbx\CalculateGeometryAttributes" Date="20240408" Time="203023">CalculateGeometryAttributes 上海市交通小区_lonlat_Pro "area AREA" # "Square Kilometers" PROJCS["WGS_1984_UTM_Zone_51N",GEOGCS["GCS_WGS_1984",DATUM["D_WGS_1984",SPHEROID["WGS_1984",6378137.0,298.257223563]],PRIMEM["Greenwich",0.0],UNIT["Degree",0.0174532925199433]],PROJECTION["Transverse_Mercator"],PARAMETER["False_Easting",500000.0],PARAMETER["False_Northing",0.0],PARAMETER["Central_Meridian",123.0],PARAMETER["Scale_Factor",0.9996],PARAMETER["Latitude_Of_Origin",0.0],UNIT["Meter",1.0]] "Same as input"</Process><Process ToolSource="d:\software\arcpro\Resources\ArcToolbox\toolboxes\Data Management Tools.tbx\CalculateGeometryAttributes" Date="20240408" Time="203108">CalculateGeometryAttributes 上海市交通小区_lonlat_Pro "area AREA" # "Square Meters" PROJCS["WGS_1984_UTM_Zone_51N",GEOGCS["GCS_WGS_1984",DATUM["D_WGS_1984",SPHEROID["WGS_1984",6378137.0,298.257223563]],PRIMEM["Greenwich",0.0],UNIT["Degree",0.0174532925199433]],PROJECTION["Transverse_Mercator"],PARAMETER["False_Easting",500000.0],PARAMETER["False_Northing",0.0],PARAMETER["Central_Meridian",123.0],PARAMETER["Scale_Factor",0.9996],PARAMETER["Latitude_Of_Origin",0.0],UNIT["Meter",1.0]] "Same as input"</Process><Process ToolSource="d:\software\arcpro\Resources\ArcToolbox\toolboxes\Data Management Tools.tbx\CalculateGeometryAttributes" Date="20240412" Time="142910">CalculateGeometryAttributes 上海市交通小区_lonlat_Pro "x CENTROID_X;y CENTROID_Y" # "Square Meters" PROJCS["WGS_1984_UTM_Zone_51N",GEOGCS["GCS_WGS_1984",DATUM["D_WGS_1984",SPHEROID["WGS_1984",6378137.0,298.257223563]],PRIMEM["Greenwich",0.0],UNIT["Degree",0.0174532925199433]],PROJECTION["Transverse_Mercator"],PARAMETER["False_Easting",500000.0],PARAMETER["False_Northing",0.0],PARAMETER["Central_Meridian",123.0],PARAMETER["Scale_Factor",0.9996],PARAMETER["Latitude_Of_Origin",0.0],UNIT["Meter",1.0]] "Same as input"</Process><Process ToolSource="d:\software\desktop10.8\ArcToolbox\Toolboxes\Data Management Tools.tbx\CalculateField" Date="20250830" Time="192624">CalculateField TAZ_export TAZ_ID [OBJECTID] VB #</Process></lineage><itemProps><itemLocation><linkage Sync="TRUE">file://\\DESKTOP-9UMBOO3\E$\paper3\data\上海TAZ\数据\上海市交通小区_lonlat_ProCopy</linkage><protocol Sync="TRUE">Local Area Network</protocol></itemLocation></itemProps><copyHistory><copy source="E:\paper3\data\上海TAZ\数据\上海市交通小区_lonlat_Pro" dest="\\DESKTOP-9UMBOO3\E$\paper3\data\上海TAZ\数据\上海市交通小区_lonlat_ProCopy" date="20250830" time="19242600"></copy></copyHistory></DataProperties></Esri></metadata>
